{
  "Launch URL1-166" : {
    "transaction" : "Launch URL1-166",
    "sampleCount" : 1,
    "errorCount" : 0,
    "errorPct" : 0.0,
    "meanResTime" : 4236.0,
    "medianResTime" : 4236.0,
    "minResTime" : 4236.0,
    "maxResTime" : 4236.0,
    "pct1ResTime" : 4236.0,
    "pct2ResTime" : 4236.0,
    "pct3ResTime" : 4236.0,
    "throughput" : 0.23607176581680833,
    "receivedKBytesPerSec" : 0.5242453080736544,
    "sentKBytesPerSec" : 0.0
  },
  "Login-169" : {
    "transaction" : "Login-169",
    "sampleCount" : 1,
    "errorCount" : 0,
    "errorPct" : 0.0,
    "meanResTime" : 1388.0,
    "medianResTime" : 1388.0,
    "minResTime" : 1388.0,
    "maxResTime" : 1388.0,
    "pct1ResTime" : 1388.0,
    "pct2ResTime" : 1388.0,
    "pct3ResTime" : 1388.0,
    "throughput" : 0.7204610951008645,
    "receivedKBytesPerSec" : 3.136538634726225,
    "sentKBytesPerSec" : 0.0
  },
  "Total" : {
    "transaction" : "Total",
    "sampleCount" : 2,
    "errorCount" : 0,
    "errorPct" : 0.0,
    "meanResTime" : 2812.0,
    "medianResTime" : 2812.0,
    "minResTime" : 1388.0,
    "maxResTime" : 4236.0,
    "pct1ResTime" : 4236.0,
    "pct2ResTime" : 4236.0,
    "pct3ResTime" : 4236.0,
    "throughput" : 0.09249838127832763,
    "receivedKBytesPerSec" : 0.3040522962723152,
    "sentKBytesPerSec" : 0.0
  },
  "Login Flow" : {
    "transaction" : "Login Flow",
    "sampleCount" : 1,
    "errorCount" : 0,
    "errorPct" : 0.0,
    "meanResTime" : 26422.0,
    "medianResTime" : 26422.0,
    "minResTime" : 26422.0,
    "maxResTime" : 26422.0,
    "pct1ResTime" : 26422.0,
    "pct2ResTime" : 26422.0,
    "pct3ResTime" : 26422.0,
    "throughput" : 0.03784724850503368,
    "receivedKBytesPerSec" : 0.24881609075770192,
    "sentKBytesPerSec" : 0.0
  }
}