{
  "Launch URL1-166" : {
    "transaction" : "Launch URL1-166",
    "sampleCount" : 1,
    "errorCount" : 0,
    "errorPct" : 0.0,
    "meanResTime" : 2823.0,
    "medianResTime" : 2823.0,
    "minResTime" : 2823.0,
    "maxResTime" : 2823.0,
    "pct1ResTime" : 2823.0,
    "pct2ResTime" : 2823.0,
    "pct3ResTime" : 2823.0,
    "throughput" : 0.35423308537017356,
    "receivedKBytesPerSec" : 0.7890680348919589,
    "sentKBytesPerSec" : 0.1698519969890188
  },
  "Login-169-1" : {
    "transaction" : "Login-169-1",
    "sampleCount" : 1,
    "errorCount" : 0,
    "errorPct" : 0.0,
    "meanResTime" : 320.0,
    "medianResTime" : 320.0,
    "minResTime" : 320.0,
    "maxResTime" : 320.0,
    "pct1ResTime" : 320.0,
    "pct2ResTime" : 320.0,
    "pct3ResTime" : 320.0,
    "throughput" : 3.125,
    "receivedKBytesPerSec" : 8.4686279296875,
    "sentKBytesPerSec" : 2.215576171875
  },
  "Login-169" : {
    "transaction" : "Login-169",
    "sampleCount" : 1,
    "errorCount" : 0,
    "errorPct" : 0.0,
    "meanResTime" : 879.0,
    "medianResTime" : 879.0,
    "minResTime" : 879.0,
    "maxResTime" : 879.0,
    "pct1ResTime" : 879.0,
    "pct2ResTime" : 879.0,
    "pct3ResTime" : 879.0,
    "throughput" : 1.1376564277588168,
    "receivedKBytesPerSec" : 4.918364263367463,
    "sentKBytesPerSec" : 1.810917946530148
  },
  "Total" : {
    "transaction" : "Total",
    "sampleCount" : 4,
    "errorCount" : 0,
    "errorPct" : 0.0,
    "meanResTime" : 1144.25,
    "medianResTime" : 717.0,
    "minResTime" : 320.0,
    "maxResTime" : 2823.0,
    "pct1ResTime" : 2823.0,
    "pct2ResTime" : 2823.0,
    "pct3ResTime" : 2823.0,
    "throughput" : 0.21164021164021166,
    "receivedKBytesPerSec" : 0.5753451554232805,
    "sentKBytesPerSec" : 0.19381407076719578
  },
  "Login-169-0" : {
    "transaction" : "Login-169-0",
    "sampleCount" : 1,
    "errorCount" : 0,
    "errorPct" : 0.0,
    "meanResTime" : 555.0,
    "medianResTime" : 555.0,
    "minResTime" : 555.0,
    "maxResTime" : 555.0,
    "pct1ResTime" : 555.0,
    "pct2ResTime" : 555.0,
    "pct3ResTime" : 555.0,
    "throughput" : 1.8018018018018018,
    "receivedKBytesPerSec" : 2.906813063063063,
    "sentKBytesPerSec" : 1.590653153153153
  },
  "Login Flow" : {
    "transaction" : "Login Flow",
    "sampleCount" : 1,
    "errorCount" : 0,
    "errorPct" : 0.0,
    "meanResTime" : 23819.0,
    "medianResTime" : 23819.0,
    "minResTime" : 23819.0,
    "maxResTime" : 23819.0,
    "pct1ResTime" : 23819.0,
    "pct2ResTime" : 23819.0,
    "pct3ResTime" : 23819.0,
    "throughput" : 0.04198329065032117,
    "receivedKBytesPerSec" : 0.27502335320542426,
    "sentKBytesPerSec" : 0.08695953073176876
  }
}